drop database if exists `kpWXAJSoGV`;
create database `kpWXAJSoGV`;
USE `kpWXAJSoGV`;

CREATE TABLE `Fournisseur`(
`id_fournisseur` int primary key AUTO_INCREMENT NOT NULL, 
`nom_fournisseur` varchar(20), 
`Telephone_Fournisseur` char(10)
);

CREATE TABLE `Administrateur` (
	`id_admin` int primary key AUTO_INCREMENT NOT NULL, 
	`nom_admin` varchar(20) NULL,
    `mdp` varchar(256) NULL
);

CREATE TABLE `Produits`(
	`Numero_Produit` int primary key AUTO_INCREMENT NOT NULL, 
    `nom_produit` varchar(30) NULL, 
    `Categorie_Produit` varchar(20) NULL, 
    `quantite_stock` int default 0 NULL, 
    `min_stock` int default 0 NULL, 
    `max_stock` int default 0 NULL, 
    `derniere_util` datetime NULL default NOW(), 
    `prix_produit` int NULL, 
    `unite` varchar(5) NULL, 
    `id_fournisseur` int NULL,
    foreign key(`id_fournisseur`) references `Fournisseur`(`id_fournisseur`) ON DELETE CASCADE
);

CREATE TABLE `Client` (
	`id_client` INT PRIMARY KEY AUTO_INCREMENT NOT NULL,
	`nom_client` varchar(28) NOT NULL, 
    `prenom_client` varchar(28) NOT NULL, 
    `telephone_client` char(10) NULL, 
    `solde_client` int default 0 NOT NULL, 
    `mdp` varchar(256) NULL
    );
    
CREATE TABLE `Commande_Client` (
	`numero_commande` INT PRIMARY KEY AUTO_INCREMENT NOT NULL, 
	`date_commande` DATETIME default NOW() NOT NULL, 
	`montant` int NOT NULL, 
	`id_client` int NULL,
	foreign key(`id_client`) references `Client`(`id_client`) ON DELETE CASCADE
);

CREATE TABLE `Cdr` (
	`id_cdr` INT PRIMARY KEY auto_increment NOT NULL,
    `id_client` int null,
    foreign key(`id_client`) references Client(`id_client`) ON DELETE CASCADE
);

CREATE TABLE `Commande_Fournisseur` (
`num_com_fou` int primary key AUTO_INCREMENT NOT NULL, 
`date_com_f`DATETIME default NOW() NOT NULL, 
`montant_com_f` int NOT NULL, 
`administrateur_id_admin` int NOT NULL, 
`id_fournisseur` int NULL,
foreign key (`id_fournisseur`) references `Fournisseur`(`id_fournisseur`) ON DELETE CASCADE
);

CREATE TABLE `Recette` (
`numero_recette` int primary key AUTO_INCREMENT NOT NULL, 
`nom_recette` varchar(30) NULL, 
`type_recette` varchar(25) NULL, 
`description_recette` varchar(256) NULL, 
`prix_recette` int NOT NULL, 
`photo_recette` varchar(400) NULL, 
`nombre_com_recette` int NULL default 0, 
`royalty_cdr` int NULL, 
`id_cdr` int NULL,
foreign key(`id_cdr`) references `Cdr`(`id_cdr`) ON DELETE CASCADE
);

CREATE TABLE `Remunere` (
`id_cdr` int NOT NULL, 
`Numero_Commande` int NOT NULL, 
`montant_royalties` int ,
primary key(`id_cdr`,`Numero_commande`),
foreign key(`id_cdr`) references `Cdr`(`id_cdr`),
foreign key (`Numero_Commande`) references `Commande_Client`(`Numero_Commande`) ON DELETE CASCADE
);

CREATE TABLE `Utilise` (
`numero_recette` int NOT NULL, 
`numero_produit` int NOT NULL, 
`quantite_ingredient` int NULL default 1,
Primary key(`numero_recette`,`numero_produit`),
foreign key(`numero_recette`) references `Recette`(`numero_recette`)ON DELETE CASCADE,
foreign key(`numero_produit`) references `Produits`(`numero_produit`) ON DELETE CASCADE
);

CREATE TABLE `Valide_Recette` (
`numero_recette` int NOT NULL, 
`id_admin` int NOT NULL, 
`date_valid_rec` DATETIME default NOW(),
primary key(`numero_recette`,`id_admin`),
foreign key(`numero_recette`) references `Recette`(`numero_recette`)ON DELETE CASCADE,
foreign key(`id_admin`) references `Administrateur`(`id_admin`)ON DELETE CASCADE
);

CREATE TABLE `Contient` (
`Numero_Commande` int  NOT NULL, 
`numero_recette` int  NOT NULL, 
`nombre_recettes` int default 1,
Primary key(`Numero_Commande`,`numero_recette`),
foreign key(`numero_recette`) references `Recette`(`numero_recette`)ON DELETE CASCADE,
foreign key(`Numero_Commande`) references `Commande_Client`(`numero_commande`)ON DELETE CASCADE
);

CREATE TABLE `Recharge` (
`Numero_Produit` int NOT NULL,
`num_com_fou` int NOT NULL,
`Quantite_Prod` int default 1,
Primary key(`Numero_Produit`, `num_com_fou`),
foreign key(`Numero_Produit`) references `Produits`(`Numero_Produit`)ON DELETE CASCADE,
foreign key(`num_com_fou`) references `Commande_Fournisseur`(`num_com_fou`) ON DELETE CASCADE
);

CREATE TABLE `Valide_Cdr` (
`id_client` int primary key
);INSERT INTO `Administrateur` (`id_admin`, `nom_admin`, `mdp`) VALUES
(1, 'Charlotte', '-1136416801'),
(2, 'Alexandre', '-1136416801');



INSERT INTO `Client` (`id_client`, `nom_client`, `prenom_client`, `telephone_client`, `solde_client`, `mdp`) VALUES
(1, 'Iliana', 'Parsons', '0627696021', 0, '-1152142086'),
(2, 'Benedict', 'Frederick', '0693521883', 38, '-1152142086'),
(3, 'Velma', 'Justice', '0616887396', 0, '-1152142086'),
(4, 'Hanna', 'Cunningham', '0633202724', 0, '-1152142086'),
(5, 'Cheyenne', 'Long', '0647460068', 2, '-1152142086'),
(6, 'Camden', 'Robertson', '0633466373', 0, '-1152142086'),
(7, 'Fleur', 'Woodard', '0683063213', 10, '-1152142086'),
(8, 'Brent', 'Perkins', '0618564599', 0, '-1152142086'),
(9, 'Nelle', 'Kent', '0631559100', 0, '-1152142086'),
(10, 'Kareem', 'Sharpe', '0606872478', 0, '-1152142086'),
(11, 'Hilary', 'Quinn', '0667194149', 0, '-1152142086'),
(12, 'Harding', 'Rivers', '0684039557', 0, '-1152142086'),
(13, 'Blaze', 'Quinn', '0661069548', 0, '-1152142086'),
(14, 'Lilah', 'Dale', '0623609391', 0, '-1152142086'),
(15, 'Allegra', 'Beck', '0679910572', 0, '-1152142086'),
(16, 'Dominic', 'Marquez', '0674316184', 0, '-1152142086'),
(17, 'Kennan', 'Morris', '0605407916', 0, '-1152142086'),
(18, 'Cade', 'Stein', '0607841782', 0, '-1152142086'),
(19, 'Ashely', 'Zimmerman', '0652348290', 0, '-1152142086'),
(20, 'Christen', 'Ware', '0689828224', 0, '-1152142086'),
(21, 'Walter', 'Potter', '0641124755', 0, '-1152142086'),
(22, 'Libby', 'Rogers', '0679669221', 0, '-1152142086'),
(23, 'Jasper', 'Murray', '0631136299', 0, '-1152142086'),
(24, 'Jacqueline', 'Gomez', '0620703082', 0, '-1152142086'),
(25, 'Madison', 'Alston', '0605704874', 0, '-1152142086'),
(26, 'Anthony', 'Rush', '0620659257', 0, '-1152142086'),
(27, 'Garrett', 'Pearson', '0643168575', 0, '-1152142086'),
(28, 'Jorden', 'Clay', '0662099421', 0, '-1152142086'),
(29, 'Louis', 'Patrick', '0617048620', 0, '-1152142086'),
(30, 'Gwendolyn', 'Kline', '0686708742', 0, '-1152142086'),
(31, 'Prescott', 'Padilla', '0636856526', 0, '-1152142086'),
(32, 'Emily', 'Joyce', '0673793040', 0, '-1152142086'),
(33, 'Travis', 'Solomon', '0695848018', 0, '-1152142086'),
(34, 'Madonna', 'Hendricks', '0658794786', 0, '-1152142086'),
(35, 'Hedwig', 'Duke', '0686183265', 0, '-1152142086'),
(36, 'Sade', 'Sharp', '0696694876', 0, '-1152142086'),
(37, 'Stephanie', 'Burnett', '0692601061', 0, '-1152142086'),
(38, 'Kellie', 'Holloway', '0655354074', 0, '-1152142086'),
(39, 'Cade', 'Duncan', '0672752298', 0, '-1152142086'),
(40, 'Arthur', 'Huber', '0656105680', 0, '-1152142086'),
(41, 'Dean', 'Burris', '0650758402', 0, '-1152142086'),
(42, 'Rylee', 'Blake', '0650650893', 0, '-1152142086'),
(43, 'Bell', 'Santos', '0663514967', 0, '-1152142086'),
(44, 'Xerxes', 'Mcbride', '0645933321', 0, '-1152142086'),
(45, 'Shaeleigh', 'Wade', '0646917472', 0, '-1152142086'),
(46, 'William', 'Kelly', '0666703970', 0, '-1152142086'),
(47, 'Dara', 'Chavez', '0617343613', 0, '-1152142086'),
(48, 'Illiana', 'Snyder', '0699878103', 0, '-1152142086'),
(49, 'Plato', 'Stuart', '0671443367', 0, '-1152142086'),
(50, 'Kathleen', 'Cameron', '0678671528', 0, '-1152142086'),
(51, 'Emerson', 'Schwartz', '0626971008', 0, '-1152142086'),
(52, 'Nevada', 'Buck', '0683074660', 0, '-1152142086'),
(53, 'Lee', 'Reed', '0610926179', 0, '-1152142086'),
(54, 'Aidan', 'Moore', '0686702917', 0, '-1152142086'),
(55, 'Sylvester', 'Zamora', '0695691186', 0, '-1152142086'),
(56, 'Raymond', 'Tate', '0651729899', 0, '-1152142086'),
(57, 'Isaac', 'Perez', '0655672957', 0, '-1152142086'),
(58, 'Giselle', 'Bowers', '0668388156', 0, '-1152142086'),
(59, 'Barry', 'Davis', '0688923449', 0, '-1152142086'),
(60, 'Raven', 'Higgins', '0606821073', 0, '-1152142086'),
(61, 'Clark', 'Hudson', '0622120345', 0, '-1152142086'),
(62, 'Uriel', 'Compton', '0687698887', 0, '-1152142086'),
(63, 'Ila', 'Tillman', '0615361937', 0, '-1152142086'),
(64, 'Kasimir', 'Cherry', '0690339714', 0, '-1152142086'),
(65, 'Lana', 'Contreras', '0633275449', 0, '-1152142086'),
(66, 'Driscoll', 'Wright', '0671091434', 0, '-1152142086'),
(67, 'Kylan', 'Berry', '0681002701', 0, '-1152142086'),
(68, 'Susan', 'Serrano', '0646191682', 0, '-1152142086'),
(69, 'Lysandra', 'Lawrence', '0631323975', 0, '-1152142086'),
(70, 'Byron', 'Kerr', '0620721628', 0, '-1152142086'),
(71, 'Fatima', 'Kirkland', '0621938587', 0, '-1152142086'),
(72, 'Rashad', 'Rose', '0620022718', 0, '-1152142086'),
(73, 'Lillith', 'Macdonald', '0626365943', 0, '-1152142086'),
(74, 'Lucas', 'Donaldson', '0603802016', 0, '-1152142086'),
(75, 'Ella', 'Moreno', '0652986870', 0, '-1152142086'),
(76, 'Otto', 'Lowe', '0670654744', 0, '-1152142086'),
(77, 'Bethany', 'Patel', '0630496129', 0, '-1152142086'),
(78, 'Sonia', 'Hunter', '0649305171', 0, '-1152142086'),
(79, 'Neil', 'Nguyen', '0667507209', 0, '-1152142086'),
(80, 'Oleg', 'Barlow', '0653119902', 0, '-1152142086'),
(81, 'Iona', 'Cantu', '0615734319', 0, '-1152142086'),
(82, 'Kenyon', 'Santana', '0619222255', 0, '-1152142086'),
(83, 'Lionel', 'Randolph', '0610780537', 0, '-1152142086'),
(84, 'Kirk', 'Watson', '0683713226', 0, '-1152142086'),
(85, 'Raya', 'Gillespie', '0646670298', 0, '-1152142086'),
(86, 'Ebony', 'Watts', '0630456237', 0, '-1152142086'),
(87, 'Nehru', 'Rojas', '0610125638', 0, '-1152142086'),
(88, 'Samson', 'Wilkerson', '0636022338', 0, '-1152142086'),
(89, 'Violet', 'Thompson', '0674277439', 0, '-1152142086'),
(90, 'Grady', 'Key', '0673433733', 0, '-1152142086'),
(91, 'Caesar', 'Mcguire', '0623079773', 0, '-1152142086'),
(92, 'Judith', 'Love', '0622848756', 0, '-1152142086'),
(93, 'Hayden', 'Perry', '0686318292', 0, '-1152142086'),
(94, 'Candace', 'Mckee', '0635012053', 0, '-1152142086'),
(95, 'Hashim', 'Cline', '0623897570', 0, '-1152142086'),
(96, 'Chancellor', 'Herman', '0656386209', 0, '-1152142086'),
(97, 'Buffy', 'Carrillo', '0615787459', 0, '-1152142086'),
(98, 'Chadwick', 'Rivers', '0683512908', 0, '-1152142086'),
(99, 'Ora', 'Mathews', '0674672402', 0, '-1152142086'),
(100, 'Naomi', 'Rivers', '0618817836', 0, '-1152142086');


INSERT INTO `Commande_Client` (`numero_commande`, `montant`, `id_client`) VALUES
(1, 30, 2),
(4, 15, 3),
(5, 15, 5),
(6, 15, 7),
(7, 15, 15),
(8, 42, 23),
(9, 30, 5),
(10, 48, 15),
(11, 60, 1),
(12, 60, 1),
(13, 68, 1),
(14, 60, 1),
(15, 72, 17),
(16, 132, 17);





INSERT INTO `Fournisseur` (`id_fournisseur`, `nom_fournisseur`, `Telephone_Fournisseur`) VALUES
(1, 'Michel le Boucher', '0909090909'),
(2, 'GégéLePrimeur', '0808080808'),
(3, 'Nemo_le_poissonnier', '0404040404'),
(4, 'ChrisLeGrossiste', '0303030303'),
(5, 'ChristianLeboulanger', '0505050505');

INSERT INTO `Produits` (`Numero_Produit`, `nom_produit`, `Categorie_Produit`, `quantite_stock`, `min_stock`, `max_stock`, `prix_produit`, `unite`, `id_fournisseur`) VALUES
(1, 'Tomate', 'Légume', 58, 45, 90, 2, 'nb', 2),
(2, 'Courgette', 'Légume', 1, 3, 6, 2, 'nb', 2),
(3, 'Concombre', 'Légume', 0, 0, 0, 2, 'nb', 2),
(4, 'Haricot vert', 'Légume', 0, 0, 0, 2, 'g', 2),
(5, 'Haricot rouge', 'Légume', 0, 0, 0, 2, 'g', 2),
(6, 'Quinoa', 'Légume', 0, 0, 0, 2, 'g', 2),
(7, 'Asperges', 'Légume', 0, 0, 0, 2, 'nb', 2),
(8, 'Aubergine', 'Légume', 1, 3, 6, 2, 'nb', 2),
(9, 'Carotte', 'Légume', 0, 0, 0, 2, 'nb', 2),
(10, 'Patate', 'Légume', 84, 45, 90, 2, 'nb', 2),
(11, 'Artichaud', 'Légume', 0, 0, 0, 2, 'nb', 2),
(12, 'Choux', 'Légume', 6, 3, 6, 2, 'nb', 2),
(13, 'Choux-fleur', 'Légume', 0, 0, 0, 2, 'nb', 2),
(14, 'Melon', 'Légume', 0, 0, 0, 2, 'nb', 2),
(15, 'Pastèque', 'Légume', 0, 0, 0, 2, 'nb', 2),
(16, 'Panais', 'Légume', 0, 0, 0, 2, 'nb', 2),
(17, 'Radis', 'Légume', 0, 0, 0, 2, 'nb', 2),
(18, 'Salade', 'Légume', 6, 6, 12, 2, 'nb', 2),
(19, 'Tomate-Cerise', 'Légume', 30, 15, 30, 2, 'nb', 2),
(20, 'Avocat', 'Légume', 0, 0, 0, 2, 'nb', 2),
(21, 'Poivron', 'Légume', 0, 0, 0, 2, 'nb', 2),
(22, 'Petit Pois', 'Légume', 0, 0, 0, 2, 'nb', 2),
(23, 'Blette', 'Légume', 0, 0, 0, 2, 'nb', 2),
(24, 'Endive', 'Légume', 0, 0, 0, 2, 'nb', 2),
(25, 'Epinard', 'Légume', 0, 0, 0, 2, 'nb', 2),
(26, 'Poireau', 'Légume', 0, 0, 0, 2, 'nb', 2),
(27, 'Rhubarbe', 'Légume', 0, 0, 0, 2, 'nb', 2),
(28, 'Céleri', 'Légume', 12, 9, 18, 2, 'nb', 2),
(29, 'Oignon', 'Légume', 33, 24, 48, 2, 'nb', 2),
(30, 'Soja', 'Légume', 0, 0, 0, 2, 'nb', 2),
(31, 'Fenouil', 'Légume', 0, 0, 0, 2, 'nb', 2),
(32, 'Topinambour', 'Légume', 0, 0, 0, 2, 'nb', 2),
(33, 'Betterave', 'Légume', 0, 0, 0, 2, 'nb', 2),
(34, 'Ananas', 'Fruit', 0, 3, 6, 2, 'nb', 2),
(35, 'Fraise', 'Fruit', 240, 120, 240, 2, 'nb', 2),
(36, 'Poire', 'Fruit', 0, 0, 0, 2, 'nb', 2),
(37, 'Pomme', 'Fruit', 0, 0, 0, 2, 'nb', 2),
(38, 'Kiwi', 'Fruit', 0, 3, 6, 2, 'nb', 2),
(39, 'Litchi', 'Fruit', 0, 15, 30, 2, 'nb', 2),
(40, 'Coing', 'Fruit', 0, 0, 0, 2, 'nb', 2),
(41, 'Abricot', 'Fruit', 180, 90, 180, 2, 'nb', 2),
(42, 'Mure', 'Fruit', 0, 0, 0, 2, 'nb', 2),
(43, 'Myrtille', 'Fruit', 0, 0, 0, 2, 'nb', 2),
(44, 'Citron', 'Fruit', 6, 3, 6, 2, 'nb', 2),
(45, 'Orange', 'Fruit', 0, 0, 0, 2, 'nb', 2),
(46, 'Framboise', 'Fruit', 0, 0, 0, 2, 'nb', 2),
(47, 'Mangue', 'Fruit', 0, 3, 6, 2, 'nb', 2),
(48, 'Pamplemousse', 'Fruit', 0, 3, 6, 2, 'nb', 2),
(49, 'Chataigne', 'Fruit', 0, 0, 0, 2, 'nb', 2),
(50, 'Mirabelle', 'Fruit', 0, 0, 0, 2, 'nb', 2),
(51, 'Raisin', 'Fruit', 0, 0, 0, 2, 'nb', 2),
(52, 'Prune', 'Fruit', 0, 0, 0, 2, 'nb', 2),
(53, 'Pêche', 'Fruit', 0, 0, 0, 2, 'nb', 2),
(54, 'Brugnon', 'Fruit', 0, 0, 0, 2, 'nb', 2),
(55, 'Groseille', 'Fruit', 0, 0, 0, 2, 'nb', 2),
(56, 'Cerise', 'Fruit', 0, 0, 0, 2, 'nb', 2),
(57, 'Kaki', 'Fruit', 0, 0, 0, 2, 'nb', 2),
(58, 'Bannane', 'Fruit', 0, 0, 0, 2, 'nb', 2),
(59, 'Noix', 'Fruit', 0, 0, 0, 2, 'nb', 2),
(60, 'Noisette', 'Fruit', 0, 0, 0, 2, 'nb', 2),
(61, 'Datte', 'Fruit', 0, 0, 0, 2, 'nb', 2),
(62, 'Ammande', 'Fruit', 0, 0, 0, 2, 'nb', 2),
(63, 'Papaye', 'Fruit', 0, 0, 0, 2, 'nb', 2),
(64, 'Figues', 'Fruit', 0, 0, 0, 2, 'nb', 2),
(65, 'Boeuf', 'Viande', 4400, 3150, 6300, 3, 'g', 1),
(66, 'Veau', 'Viande', 0, 0, 0, 3, 'g', 1),
(67, 'Jambon blanc', 'Viande', 0, 0, 0, 3, 'g', 1),
(68, 'Lard', 'Viande', 2800, 1500, 3000, 3, 'g', 1),
(69, 'Saucisson', 'Viande', 0, 0, 0, 3, 'g', 1),
(70, 'Merguez', 'Viande', 0, 0, 0, 3, 'g', 1),
(71, 'Chipolata', 'Viande', 1800, 900, 1800, 3, 'g', 1),
(72, 'Lapin', 'Viande', 0, 0, 0, 3, 'g', 1),
(73, 'Volaille', 'Viande', 6000, 3000, 6000, 3, 'g', 1),
(74, 'Lièvre', 'Viande', 0, 0, 0, 3, 'g', 1),
(75, 'Agneau', 'Viande', 0, 0, 0, 3, 'g', 1),
(76, 'Jambon fumé', 'Viande', 0, 0, 0, 3, 'g', 1),
(77, 'Bacon', 'Viande', 180, 90, 180, 3, 'g', 1),
(78, 'Peperoni', 'Viande', 0, 0, 0, 3, 'g', 1),
(79, 'Poulet rôti', 'Viande', 0, 0, 0, 3, 'g', 1),
(80, 'Salami', 'Viande', 0, 0, 0, 3, 'g', 1),
(81, 'Steak haché', 'Viande', 0, 0, 0, 3, 'g', 1),
(82, 'Saumon', 'Poisson', 1200, 1200, 2400, 3, 'g', 3),
(83, 'Thon', 'Poisson', 0, 0, 0, 3, 'g', 3),
(84, 'Sole', 'Poisson', 0, 0, 0, 3, 'g', 3),
(85, 'Hareng', 'Poisson', 0, 0, 0, 3, 'g', 3),
(86, 'Merlan', 'Poisson', 0, 0, 0, 3, 'g', 3),
(87, 'Dorade', 'Poisson', 0, 0, 0, 3, 'g', 3),
(88, 'Anchois', 'Poisson', 0, 0, 0, 3, 'g', 3),
(89, 'Lotte', 'Poisson', 0, 0, 0, 3, 'g', 3),
(90, 'Truite', 'Poisson', 0, 0, 0, 3, 'g', 3),
(91, 'Ecrevisse', 'Poisson', 0, 0, 0, 3, 'g', 3),
(92, 'Crevette', 'Poisson', 0, 0, 0, 3, 'g', 3),
(93, 'Homard', 'Poisson', 0, 0, 0, 3, 'g', 3),
(94, 'Moule', 'Poisson', 0, 0, 0, 3, 'g', 3),
(95, 'Huître', 'Poisson', 0, 0, 0, 3, 'g', 3),
(96, 'Surimi', 'Poisson', 0, 0, 0, 3, 'g', 3),
(97, 'Coquille Saint-Jacques', 'Poisson', 0, 0, 0, 3, 'g', 3),
(98, 'Langouste', 'Poisson', 0, 0, 0, 3, 'g', 3),
(99, 'Cabillaud', 'Poisson', 0, 0, 0, 3, 'g', 3),
(100, 'Beurre Doux', 'Produit Laitier', 5540, 2820, 5640, 2, 'g', 4),
(101, 'Beurre Salé', 'Produit Laitier', 0, 0, 0, 2, 'g', 4),
(102, 'Lait', 'Produit Laitier', 5040, 2520, 5040, 2, 'g', 4),
(103, 'Fromage Blanc', 'Produit Laitier', 2500, 1500, 3000, 2, 'g', 4),
(104, 'Bleu d\'Auvergne', 'Produit Laitier', 0, 0, 0, 2, 'g', 4),
(105, 'Brie', 'Produit Laitier', 0, 0, 0, 2, 'g', 4),
(106, 'Camembert', 'Produit Laitier', 0, 0, 0, 2, 'g', 4),
(107, 'Tomme Blanche', 'Produit Laitier', 450, 450, 900, 2, 'g', 4),
(108, 'Fromage de Chèvre', 'Produit Laitier', 450, 450, 900, 2, 'g', 4),
(109, 'Comté', 'Produit Laitier', 180, 90, 180, 2, 'g', 4),
(110, 'Emmental', 'Produit Laitier', 1200, 600, 1200, 2, 'g', 4),
(111, 'Mozzarelle', 'Produit Laitier', 2400, 1200, 2400, 2, 'g', 4),
(112, 'Reblochon', 'Produit Laitier', 0, 0, 0, 2, 'g', 4),
(113, 'Roquefort', 'Produit Laitier', 0, 0, 0, 2, 'g', 4),
(114, 'Crème Anglaise', 'Produit Laitier', 0, 0, 0, 2, 'g', 4),
(115, 'Crème Fouettée', 'Produit Laitier', 0, 0, 0, 2, 'g', 4),
(116, 'Yaourt Nature', 'Produit Laitier', 0, 0, 0, 2, 'nb', 4),
(117, 'Farine', 'Epicerie', 4980, 2490, 4980, 1, 'g', 4),
(118, 'Oeuf', 'Epicerie', 90, 45, 90, 1, 'nb', 4),
(119, 'Sucre', 'Epicerie', 90, 45, 90, 1, 'g', 4),
(120, 'Huile', 'Epicerie', 2580, 1290, 2580, 1, 'g', 4),
(121, 'Sel', 'Epicerie', 230, 135, 270, 1, 'g', 4),
(122, 'Sucre Glace', 'Epicerie', 0, 0, 0, 1, 'g', 4),
(123, 'Tablette de chocolat', 'Epicerie', 0, 0, 0, 1, 'g', 4),
(124, 'Gousse de Vanille', 'Epicerie', 60, 30, 60, 1, 'g', 4),
(125, 'Confiture Fraise', 'Epicerie', 0, 0, 0, 1, 'g', 4),
(126, 'Confiture Abricot', 'Epicerie', 0, 0, 0, 1, 'g', 4),
(127, 'Pâte à tartiner', 'Epicerie', 0, 0, 0, 1, 'g', 4),
(128, 'Biscuit croquant', 'Epicerie', 3000, 1500, 3000, 1, 'g', 4),
(129, 'Sirop d\'érable', 'Epicerie', 0, 0, 0, 1, 'g', 4),
(130, 'Croûton', 'Boulangerie', 0, 0, 0, 2, 'g', 5),
(131, 'Pain de mie', 'Boulangerie', 0, 0, 0, 2, 'g', 5),
(132, 'Baguette', 'Boulangerie', 0, 0, 0, 2, 'nb', 5),
(133, 'Pain aux noix', 'Boulangerie', 600, 600, 1200, 2, 'g', 5),
(134, 'Pain au sésame', 'Boulangerie', 6, 3, 6, 2, 'g', 5),
(135, 'Pain aux céréales', 'Boulangerie', 600, 600, 1200, 2, 'g', 5),
(136, 'Fougasse aux lardons', 'Boulangerie', 0, 0, 0, 2, 'g', 5),
(137, 'Bretzel', 'Boulangerie', 0, 0, 0, 2, 'nb', 5);

INSERT INTO `Cdr` (`id_cdr`, `id_client`) VALUES
(1, 1),
(2, 5),
(26, 6),
(3, 9),
(4, 13),
(5, 17),
(6, 21),
(7, 25),
(8, 29),
(9, 33),
(10, 37),
(11, 41),
(12, 45),
(13, 49),
(14, 53),
(15, 57),
(16, 61),
(17, 65),
(18, 69),
(19, 73),
(20, 77),
(21, 81),
(23, 89),
(24, 93),
(25, 97);



INSERT INTO `Recette` (`numero_recette`, `nom_recette`, `type_recette`, `description_recette`, `prix_recette`, `photo_recette`, `nombre_com_recette`, `royalty_cdr`, `id_cdr`) VALUES
(1, 'Hamburger', 'Plat', 'Un bon hamburger à base de tomme fermière de steack et de bacon', 17, 'https://www.la-viande.fr/sites/default/files/inline-images/hamburger.jpg', 20, NULL, 1),
(2, 'Ratatouille', 'Plat', 'Ce plat méditérannéen saura ravir vos papilles', 17, 'https://www.papillesetpupilles.fr/wp-content/uploads/2015/08/Ratatouille-%C2%A9comeirrez-shutterstock.jpg', 10, NULL, 2),
(3, 'Salade de fruits exotiques', 'Dessert', 'Un air de voyage s\'invitera à votre table pour le prochain repas', 14, 'https://cache.marieclaire.fr/data/photo/w1000_c17/cuisine/49/saladedefrutis.jpg', 10, NULL, 2),
(4, 'Fondant au chocolat', 'Dessert', 'Un gâteau au coeur si fondant qu\'il ajoutera une touche parfaite à la fin de votre repas', 7, 'https://img.cuisineaz.com/610x610/2017-06-22/i130285-fondant-au-chocolat-nestle.jpeg', 0, NULL, 4),
(5, 'Chicken Pie', 'Plat', 'Petits ou grands, ce plat mettra tout le monde d\'accord !', 20, 'https://cdn-image.myrecipes.com/sites/default/files/image/recipes/sl/11/02/double-crust-chicken-pot-pie-sl-x.jpg', 0, NULL, 4),
(6, 'Tarte à l\'abricot', 'Dessert', 'Une tarte comme celle que vous faisait votre grand-mère !', 8, 'https://www.aucp-leblog.com/wp-content/uploads/2014/07/tarte-aux-abricots-et-a-la-lavande1.jpg', 0, NULL, 4),
(7, 'Soufflé au fromage', 'Plat', 'Un nuage de fromage qui fond en bouche !', 10, 'https://cdn2.tmbi.com/TOH/Images/Photos/37/1200x1200/exps2205__HC143213DD03_28_4b.jpg', 0, NULL, 5),
(8, 'Bibeleskaes', 'Plat', 'Un délice qui vous fera voyager en plein Strasbourg !', 18, 'https://cuisine-addict.com/wp-content/uploads/2016/09/bibeleskaes.jpg', 1, NULL, 5),
(9, 'Choucroute', 'Plat', 'Idéal pour les grandes faims !', 20, 'https://media.istockphoto.com/photos/sauerkraut-and-sausage-picture-id912915430?k=6&m=912915430&s=612x612&w=0&h=jqtAApe6I9bkKiEX5l1T8Ci8f_29dECAgqppuCMHyUc=', 0, NULL, 5),
(10, 'Charlotte aux fraises', 'Dessert', 'Un dessert pour satisfaire toute la famille !', 9, 'https://www.ptitchef.com/imgupl/recipe/charlotte-aux-fraises-facile-et-rapide--md-453437p702507.jpg', 0, NULL, 6),
(11, 'Salade tomate/mozzarella', 'Entrée', 'Une entrée simple mais qui fait son effet !', 9, 'https://lovefrancescas.files.wordpress.com/2010/11/tomato-and-mozerella.jpg', 0, NULL, 6),
(12, 'Toasts apéro au saumon', 'Apéritif', 'Des toasts succulents pour assurer un repas digne de ce nom !', 11, 'https://i.pinimg.com/736x/8f/e5/c8/8fe5c806fc3de6afe183fd7098c800bf--smoked-salmon-appetizer-smoked-salmon-crackers.jpg', 3, NULL, 7),
(13, 'Tomates farcies', 'Plat', 'Des produits frais permettant de déguster viande et légume à la fois !', 13, 'https://cac.img.pmdstatic.net/fit/http.3A.2F.2Fprd2-bone-image.2Es3-website-eu-west-1.2Eamazonaws.2Ecom.2Fcac.2F2018.2F09.2F25.2F43864d1d-8e2b-4acf-8f8f-7f7c93720887.2Ejpeg/748x372/quality/80/crop-from/center/recette-tomates-farcies-classique.jpeg', 2, NULL, 7),
(14, 'Hachis Parmentier', 'Plat', 'Vos papilles gustatives vous remercieront !', 12, 'https://www.recetteaz.net/wp-content/uploads/2016/09/recette-Hachis-Parmentier.jpg', 0, NULL, 8);

INSERT INTO `Utilise` (`numero_recette`, `numero_produit`, `quantite_ingredient`) VALUES
(1, 1, 1),
(1, 18, 1),
(1, 65, 150),
(1, 77, 30),
(1, 134, 1),
(2, 1, 2),
(2, 2, 1),
(2, 8, 1),
(2, 29, 1),
(3, 34, 1),
(3, 38, 1),
(3, 39, 5),
(3, 47, 1),
(3, 48, 1),
(4, 100, 150),
(4, 102, 40),
(4, 117, 250),
(4, 118, 4),
(4, 119, 200),
(4, 120, 30),
(5, 18, 1),
(5, 29, 1),
(5, 68, 100),
(5, 73, 1000),
(5, 100, 500),
(5, 102, 100),
(5, 117, 200),
(5, 118, 6),
(5, 120, 300),
(5, 121, 5),
(6, 41, 30),
(6, 100, 150),
(6, 117, 300),
(6, 119, 15),
(6, 121, 10),
(7, 100, 60),
(7, 102, 400),
(7, 110, 150),
(7, 117, 60),
(7, 118, 4),
(8, 10, 6),
(8, 28, 1),
(8, 68, 200),
(8, 103, 500),
(9, 10, 4),
(9, 12, 1),
(9, 68, 200),
(9, 71, 300),
(10, 35, 40),
(10, 44, 1),
(10, 102, 300),
(10, 124, 10),
(10, 128, 500),
(11, 1, 6),
(11, 19, 5),
(11, 29, 1),
(11, 111, 400),
(11, 120, 100),
(12, 28, 1),
(12, 82, 400),
(12, 107, 150),
(12, 108, 150),
(12, 133, 200),
(12, 135, 200),
(13, 1, 4),
(13, 28, 1),
(13, 29, 3),
(13, 65, 500),
(13, 100, 50),
(13, 121, 20),
(14, 1, 2),
(14, 10, 5),
(14, 29, 2),
(14, 65, 400),
(14, 100, 30),
(14, 109, 30),
(14, 110, 50),
(14, 117, 20),
(14, 118, 1),
(14, 121, 10);

INSERT INTO `Valide_Cdr` (`id_client`) VALUES
(11),
(16),
(26),
(31),
(36),
(46),
(51),
(56),
(66),
(71),
(76),
(86),
(91),
(96);

INSERT INTO `Contient` (`Numero_Commande`, `numero_recette`, `nombre_recettes`) VALUES
(1, 1, 2),
(4, 1, 1),
(5, 1, 1),
(6, 2, 1),
(7, 1, 1),
(7, 2, 1),
(8, 1, 1),
(8, 2, 1),
(8, 3, 1),
(9, 2, 1),
(9, 3, 1),
(10, 2, 1),
(10, 3, 2),
(11, 1, 4),
(12, 1, 4),
(13, 1, 4),
(14, 2, 5),
(15, 3, 6),
(16, 8, 1),
(16, 12, 3),
(16, 13, 2);

INSERT INTO `Valide_Recette` (`numero_recette`, `id_admin`) VALUES
(1, 1),
(2, 1),
(3, 1),
(4, 1),
(7, 1),
(8, 1),
(12, 1),
(13, 1),
(14, 1);

